EntityID,TCR,DCR,CI,SPI
Alice,80.0,69.23076923076923,0.5,0.39999999999999997
Bob,75.0,66.66666666666666,0.7777777777777778,0.2571428571428572
Charlie,83.33333333333334,100.0,0.9090909090909091,0.32857142857142857
